ID,电影名称,评分,信息,短评,url
0,肖申克的救赎,9.7,导演: 弗兰克·德拉邦特 Frank Darabont主演: 蒂姆·罗宾斯 Tim Robbins ...                            1994美国犯罪 剧情,希望让人自由。,https://movie.douban.com/subject/1292052/
1,霸王别姬,9.6,导演: 陈凯歌 Kaige Chen主演: 张国荣 Leslie Cheung  张丰毅 Fengyi Zha...                            1993中国大陆 中国香港剧情 爱情 同性,风华绝代。,https://movie.douban.com/subject/1291546/
2,阿甘正传,9.5,导演: 罗伯特·泽米吉斯 Robert Zemeckis主演: 汤姆·汉克斯 Tom Hanks  ...                            1994美国剧情 爱情,一部美国近现代史。,https://movie.douban.com/subject/1292720/
3,泰坦尼克号,9.5,导演: 詹姆斯·卡梅隆 James Cameron主演: 莱昂纳多·迪卡普里奥 Leonardo...                            1997美国 墨西哥剧情 爱情 灾难,失去的才是永恒的。,https://movie.douban.com/subject/1292722/
4,这个杀手不太冷,9.4,导演: 吕克·贝松 Luc Besson主演: 让·雷诺 Jean Reno  娜塔莉·波特曼 ...                            1994法国 美国剧情 动作 犯罪,怪蜀黍和小萝莉不得不说的故事。,https://movie.douban.com/subject/1295644/
5,千与千寻,9.4,导演: 宫崎骏 Hayao Miyazaki主演: 柊瑠美 Rumi Hîragi  入野自由 Miy...                            2001日本剧情 动画 奇幻,最好的宫崎骏，最好的久石让。,https://movie.douban.com/subject/1291561/
6,美丽人生,9.6,导演: 罗伯托·贝尼尼 Roberto Benigni主演: 罗伯托·贝尼尼 Roberto Beni...                            1997意大利剧情 喜剧 爱情 战争,最美的谎言。,https://movie.douban.com/subject/1292063/
7,辛德勒的名单,9.6,导演: 史蒂文·斯皮尔伯格 Steven Spielberg主演: 连姆·尼森 Liam Neeson...                            1993美国剧情 历史 战争,拯救一个人，就是拯救整个世界。,https://movie.douban.com/subject/1295124/
8,星际穿越,9.4,导演: 克里斯托弗·诺兰 Christopher Nolan主演: 马修·麦康纳 Matthew Mc...                            2014美国 英国 加拿大剧情 科幻 冒险,爱是一种力量，让我们超越时空感知它的存在。,https://movie.douban.com/subject/1889243/
9,盗梦空间,9.4,导演: 克里斯托弗·诺兰 Christopher Nolan主演: 莱昂纳多·迪卡普里奥 Le...                            2010美国 英国剧情 科幻 悬疑 冒险,诺兰给了我们一场无法盗取的梦。,https://movie.douban.com/subject/3541415/
10,楚门的世界,9.4,导演: 彼得·威尔 Peter Weir主演: 金·凯瑞 Jim Carrey  劳拉·琳妮 Lau...                            1998美国剧情 科幻,如果再也不能见到你，祝你早安，午安，晚安。,https://movie.douban.com/subject/1292064/
11,忠犬八公的故事,9.4,导演: 莱塞·霍尔斯道姆 Lasse Hallström主演: 理查·基尔 Richard Ger...                            2009美国 英国剧情,永远都不能忘记你所爱的人。,https://movie.douban.com/subject/3011091/
12,海上钢琴师,9.3,导演: 朱塞佩·托纳多雷 Giuseppe Tornatore主演: 蒂姆·罗斯 Tim Roth  ...                            1998意大利剧情 音乐,每个人都要走一条自己坚定了的路，就算是粉身碎骨。,https://movie.douban.com/subject/1292001/
13,三傻大闹宝莱坞,9.2,导演: 拉库马·希拉尼 Rajkumar Hirani主演: 阿米尔·汗 Aamir Khan  卡...                            2009印度剧情 喜剧 爱情 歌舞,英俊版憨豆，高情商版谢耳朵。,https://movie.douban.com/subject/3793023/
14,放牛班的春天,9.3,导演: 克里斯托夫·巴拉蒂 Christophe Barratier主演: 让-巴蒂斯特·莫尼...                            2004法国 瑞士 德国剧情 音乐,天籁一般的童声，是最接近上帝的存在。,https://movie.douban.com/subject/1291549/
15,机器人总动员,9.3,导演: 安德鲁·斯坦顿 Andrew Stanton主演: 本·贝尔特 Ben Burtt  艾丽...                            2008美国科幻 动画 冒险,小瓦力，大人生。,https://movie.douban.com/subject/2131459/
16,无间道,9.3,导演: 刘伟强  麦兆辉主演: 刘德华 Andy Lau  梁朝伟 Tony Leung Chiu W...                            2002中国香港剧情 犯罪 惊悚,香港电影史上永不过时的杰作。,https://movie.douban.com/subject/1307914/
17,疯狂动物城,9.2,导演: 拜伦·霍华德 Byron Howard  瑞奇·摩尔 Rich Moore主演: 金妮弗·...                            2016美国喜剧 动画 冒险,迪士尼给我们营造的乌托邦就是这样，永远善良勇敢，永远出乎意料。,https://movie.douban.com/subject/25662329/
18,控方证人,9.6,导演: 比利·怀尔德 Billy Wilder主演: 泰隆·鲍华 Tyrone Power  玛琳·...                            1957美国剧情 犯罪 悬疑,比利·怀德满分作品。,https://movie.douban.com/subject/1296141/
19,大话西游之大圣娶亲,9.2,导演: 刘镇伟 Jeffrey Lau主演: 周星驰 Stephen Chow  吴孟达 Man Tat Ng...                            1995中国香港 中国大陆喜剧 爱情 奇幻 古装,一生所爱。,https://movie.douban.com/subject/1292213/
20,熔炉,9.4,导演: 黄东赫 Dong-hyuk Hwang主演: 孔侑 Yoo Gong  郑有美 Yu-mi Jung ...                            2011韩国剧情,我们一路奋战不是为了改变世界，而是为了不让世界改变我们。,https://movie.douban.com/subject/5912992/
21,教父,9.3,导演: 弗朗西斯·福特·科波拉 Francis Ford Coppola主演: 马龙·白兰度 M...                            1972美国剧情 犯罪,千万不要记恨你的对手，这样会让你失去理智。,https://movie.douban.com/subject/1291841/
22,触不可及,9.3,导演: 奥利维·那卡什 Olivier Nakache  艾力克·托兰达 Eric Toledano主...                            2011法国剧情 喜剧,满满温情的高雅喜剧。,https://movie.douban.com/subject/6786002/
23,当幸福来敲门,9.2,导演: 加布里尔·穆奇诺 Gabriele Muccino主演: 威尔·史密斯 Will Smith ...                            2006美国剧情 传记 家庭,平民励志片。,https://movie.douban.com/subject/1849031/
24,怦然心动,9.1,导演: 罗伯·莱纳 Rob Reiner主演: 玛德琳·卡罗尔 Madeline Carroll  卡...                            2010美国剧情 喜剧 爱情,真正的幸福是来自内心深处。,https://movie.douban.com/subject/3319755/
25,龙猫,9.2,导演: 宫崎骏 Hayao Miyazaki主演: 日高法子 Noriko Hidaka  坂本千夏 Ch...                            1988日本动画 奇幻 冒险,人人心中都有个龙猫，童年就永远不会消失。,https://movie.douban.com/subject/1291560/
26,末代皇帝,9.3,导演: 贝纳尔多·贝托鲁奇 Bernardo Bertolucci主演: 尊龙 John Lone  陈...                            1987英国 意大利 中国大陆 法国剧情 传记 历史,“不要跟我比惨，我比你更惨”再适合这部电影不过了。,https://movie.douban.com/subject/1293172/
27,寻梦环游记,9.1,导演: 李·昂克里奇 Lee Unkrich  阿德里安·莫利纳 Adrian Molina主演: ...                            2017美国喜剧 动画 奇幻 音乐,死亡不是真的逝去，遗忘才是永恒的消亡。,https://movie.douban.com/subject/20495023/
28,活着,9.3,导演: 张艺谋 Yimou Zhang主演: 葛优 You Ge  巩俐 Li Gong  姜武 Wu Jiang                            1994中国大陆 中国香港剧情 历史 家庭,张艺谋最好的电影。,https://movie.douban.com/subject/1292365/
29,蝙蝠侠：黑暗骑士,9.2,导演: 克里斯托弗·诺兰 Christopher Nolan主演: 克里斯蒂安·贝尔 Christ...                            2008美国 英国剧情 动作 科幻 犯罪 惊悚,无尽的黑暗。,https://movie.douban.com/subject/1851857/
30,哈利·波特与魔法石,9.2,导演: Chris Columbus主演: Daniel Radcliffe  Emma Watson  Rupert Grint                            2001美国 英国奇幻 冒险,童话世界的开端。,https://movie.douban.com/subject/1295038/
31,指环王3：王者无敌,9.3,导演: 彼得·杰克逊 Peter Jackson主演: 伊利亚·伍德 Elijah Wood  西恩...                            2003美国 新西兰剧情 动作 奇幻 冒险,史诗的终章。,https://movie.douban.com/subject/1291552/
32,乱世佳人,9.3,导演: 维克多·弗莱明 Victor Fleming  乔治·库克 George Cukor主演: 费...                            1939美国剧情 历史 爱情 战争,Tomorrow is another day.,https://movie.douban.com/subject/1300267/
33,我不是药神,9.0,导演: 文牧野 Muye Wen主演: 徐峥 Zheng Xu  王传君 Chuanjun Wang  周...                            2018中国大陆剧情 喜剧,对我们国家而言，这样的电影多一部是一部。,https://movie.douban.com/subject/26752088/
34,飞屋环游记,9.1,导演: 彼特·道格特 Pete Docter  鲍勃·彼德森 Bob Peterson主演: 爱德...                            2009美国剧情 喜剧 动画 冒险,最后那些最无聊的事情，才是最值得怀念的。,https://movie.douban.com/subject/2129039/
35,素媛,9.3,导演: 李濬益 Jun-ik Lee主演: 薛景求 Kyung-gu Sol  严志媛 Ji-won Uhm ...                            2013韩国剧情,受过伤害的人总是笑得最开心，因为他们不愿意让身边的人承受一样的痛苦。,https://movie.douban.com/subject/21937452/
36,哈尔的移动城堡,9.1,导演: 宫崎骏 Hayao Miyazaki主演: 倍赏千惠子 Chieko Baishô  木村拓...                            2004日本动画 奇幻 冒险,带着心爱的人在天空飞翔。,https://movie.douban.com/subject/1308807/
37,十二怒汉,9.4,导演: Sidney Lumet主演: 亨利·方达 Henry Fonda  马丁·鲍尔萨姆 Marti...                            1957美国剧情,1957年的理想主义。,https://movie.douban.com/subject/1293182/
38,何以为家,9.1,导演: 娜丁·拉巴基 Nadine Labaki主演: 扎因·拉费阿 Zain al-Rafeea  ...                            2018黎巴嫩 美国 法国 塞浦路斯 卡塔尔 英国剧情,凝视卑弱生命，用电影改变命运。,https://movie.douban.com/subject/30170448/
39,摔跤吧！爸爸,9.0,导演: 涅提·蒂瓦里 Nitesh Tiwari主演: 阿米尔·汗 Aamir Khan  法缇玛...                            2016印度剧情 传记 运动 家庭,你不是在为你一个人战斗，你要让千千万万的女性看到女生并不是只能相夫教子。,https://movie.douban.com/subject/26387939/
40,让子弹飞,9.0,导演: 姜文 Wen Jiang主演: 姜文 Wen Jiang  葛优 You Ge  周润发 Yun-F...                            2010中国大陆 中国香港剧情 喜剧 动作 西部,你给我翻译翻译，神马叫做TMD的惊喜。,https://movie.douban.com/subject/3742360/
41,鬼子来了,9.3,导演: 姜文 Wen Jiang主演: 姜文 Wen Jiang  香川照之 Teruyuki Kagawa ...                            2000中国大陆剧情 喜剧,对敌人的仁慈，就是对自己残忍。,https://movie.douban.com/subject/1291858/
42,猫鼠游戏,9.1,导演: 史蒂文·斯皮尔伯格 Steven Spielberg主演: 莱昂纳多·迪卡普里奥 L...                            2002美国 加拿大传记 犯罪 剧情,骗子大师和执著警探的你追我跑故事。,https://movie.douban.com/subject/1305487/
43,少年派的奇幻漂流,9.1,导演: 李安 Ang Lee主演: 苏拉·沙玛 Suraj Sharma  伊尔凡·可汗 Irrfan...                            2012美国 中国台湾 英国 加拿大剧情 奇幻 冒险,瑰丽壮观、无人能及的冒险之旅。,https://movie.douban.com/subject/1929463/
44,天空之城,9.2,导演: 宫崎骏 Hayao Miyazaki主演: 田中真弓 Mayumi Tanaka  横泽启子 Ke...                            1986日本动画 奇幻 冒险,对天空的追逐，永不停止。,https://movie.douban.com/subject/1291583/
45,海蒂和爷爷,9.3,导演: 阿兰·葛斯彭纳 Alain Gsponer主演: 阿努克·斯特芬 Anuk Steffen ...                            2015德国 瑞士剧情 冒险 家庭,如果生活中有什么使你感到快乐，那就去做吧！不要管别人说什么。,https://movie.douban.com/subject/25958717/
46,钢琴家,9.3,导演: 罗曼·波兰斯基 Roman Polanski主演: 艾德里安·布洛迪 Adrien Brod...                            2002英国 法国 波兰 德国剧情 传记 战争 音乐,音乐能化解仇恨。,https://movie.douban.com/subject/1296736/
47,大话西游之月光宝盒,9.0,导演: 刘镇伟 Jeffrey Lau主演: 周星驰 Stephen Chow  吴孟达 Man Tat Ng...                            1995中国香港 中国大陆喜剧 爱情 奇幻 古装,旷古烁今。,https://movie.douban.com/subject/1299398/
48,指环王2：双塔奇兵,9.2,导演: 彼得·杰克逊 Peter Jackson主演: 伊利亚·伍德 Elijah Wood  西恩...                            2002美国 新西兰剧情 动作 奇幻 冒险,承前启后的史诗篇章。,https://movie.douban.com/subject/1291572/
49,闻香识女人,9.1,导演: 马丁·布莱斯 Martin Brest主演: 阿尔·帕西诺 Al Pacino  克里斯...                            1992美国剧情,史上最美的探戈。,https://movie.douban.com/subject/1298624/
50,罗马假日,9.1,导演: 威廉·惠勒 William Wyler主演: 奥黛丽·赫本 Audrey Hepburn  格...                            1953美国喜剧 剧情 爱情,爱情哪怕只有一天。,https://movie.douban.com/subject/1293839/
51,天堂电影院,9.2,导演: 朱塞佩·托纳多雷 Giuseppe Tornatore主演: 菲利普·努瓦雷 Philipp...                            1988意大利 法国剧情 爱情,那些吻戏，那些青春，都在影院的黑暗里被泪水冲刷得无比清晰。,https://movie.douban.com/subject/1291828/
52,死亡诗社,9.2,导演: 彼得·威尔 Peter Weir主演: 罗宾·威廉姆斯 Robin Williams  罗伯...                            1989美国剧情,当一个死水般的体制内出现一个活跃的变数时，所有的腐臭都站在了光明的对面。,https://movie.douban.com/subject/1291548/
53,绿皮书,8.9,导演: 彼得·法雷里 Peter Farrelly主演: 维果·莫腾森 Viggo Mortensen ...                            2018美国 中国大陆剧情 喜剧 传记 音乐,去除成见，需要勇气。,https://movie.douban.com/subject/27060077/
54,大闹天宫,9.4,导演: 万籁鸣 Laiming Wan主演: 邱岳峰 Yuefeng Qiu  富润生 Runsheng Fu...                            1961(中国大陆)  1964(中国大陆)  1978(中国大陆)中国大陆剧情 动画 奇幻 古装,经典之作，历久弥新。,https://movie.douban.com/subject/1418019/
55,指环王1：护戒使者,9.1,导演: 彼得·杰克逊 Peter Jackson主演: 伊利亚·伍德 Elijah Wood  西恩...                            2001新西兰 美国剧情 动作 奇幻 冒险,传说的开始。,https://movie.douban.com/subject/1291571/
56,黑客帝国,9.1,导演: 安迪·沃卓斯基 Andy Wachowski  拉娜·沃卓斯基 Lana Wachowski主...                            1999美国动作 科幻,视觉革命。,https://movie.douban.com/subject/1291843/
57,教父2,9.3,导演: 弗朗西斯·福特·科波拉 Francis Ford Coppola主演: 阿尔·帕西诺 A...                            1974美国剧情 犯罪,优雅的孤独。,https://movie.douban.com/subject/1299131/
58,狮子王,9.1,导演: Roger Allers  罗伯·明可夫 Rob Minkoff主演: 乔纳森·泰勒·托马...                            1994美国动画 冒险 歌舞,动物版《哈姆雷特》。,https://movie.douban.com/subject/1301753/
59,辩护人,9.2,导演: 杨宇硕 Woo-seok Yang主演: 宋康昊 Kang-ho Song  金英爱 Yeong-ae...                            2013韩国剧情,电影的现实意义大过电影本身。,https://movie.douban.com/subject/21937445/
60,饮食男女,9.2,导演: 李安 Ang Lee主演: 郎雄 Sihung Lung  杨贵媚 Kuei-Mei Yang  吴...                            1994中国台湾 美国剧情 家庭,人生不能像做菜，把所有的料都准备好了才下锅。,https://movie.douban.com/subject/1291818/
61,搏击俱乐部,9.0,导演: 大卫·芬奇 David Fincher主演: 爱德华·诺顿 Edward Norton  布拉...                            1999美国剧情 动作 悬疑 惊悚,邪恶与平庸蛰伏于同一个母体，在特定的时间互相对峙。,https://movie.douban.com/subject/1292000/
62,美丽心灵,9.1,导演: 朗·霍华德 Ron Howard主演: 罗素·克劳 Russell Crowe  艾德·哈...                            2001美国传记 剧情,爱是一切逻辑和原由。,https://movie.douban.com/subject/1306029/
63,本杰明·巴顿奇事,9.0,导演: 大卫·芬奇 David Fincher主演: 凯特·布兰切特 Cate Blanchett  ...                            2008美国剧情 爱情 奇幻,在时间之河里感受溺水之苦。,https://movie.douban.com/subject/1485260/
64,穿条纹睡衣的男孩,9.2,导演: 马克·赫尔曼 Mark Herman主演: 阿萨·巴特菲尔德 Asa Butterfield ...                            2008英国 美国剧情 战争,尽管有些不切实际的幻想，这部电影依旧是一部感人肺腑的佳作。,https://movie.douban.com/subject/3008247/
65,窃听风暴,9.2,导演: 弗洛里安·亨克尔·冯·多纳斯马尔克 Florian Henckel von Donnersmarck&n...                            2006德国剧情 悬疑,别样人生。,https://movie.douban.com/subject/1900841/
66,情书,8.9,导演: 岩井俊二 Shunji Iwai主演: 中山美穗 Miho Nakayama  丰川悦司 Ets...                            1995日本剧情 爱情,暗恋的极致。,https://movie.douban.com/subject/1292220/
67,两杆大烟枪,9.1,导演: Guy Ritchie主演: Jason Flemyng  Dexter Fletcher  Nick Moran                            1998英国剧情 喜剧 犯罪,4个臭皮匠顶个诸葛亮，盖·里奇果然不是盖的。,https://movie.douban.com/subject/1293350/
68,西西里的美丽传说,8.9,导演: 朱塞佩·托纳多雷 Giuseppe Tornatore主演: 莫妮卡·贝鲁奇 Monica ...                            2000意大利 美国剧情 战争 情色,美丽无罪。,https://movie.douban.com/subject/1292402/
69,音乐之声,9.1,导演: 罗伯特·怀斯 Robert Wise主演: 朱莉·安德鲁斯 Julie Andrews  克...                            1965美国剧情 传记 爱情 歌舞,用音乐化解仇恨，让歌声串起美好。,https://movie.douban.com/subject/1294408/
70,看不见的客人,8.8,导演: 奥里奥尔·保罗 Oriol Paulo主演: 马里奥·卡萨斯 Mario Casas  阿...                            2016西班牙剧情 犯罪 悬疑 惊悚,你以为你以为的就是你以为的。,https://movie.douban.com/subject/26580232/
71,阿凡达,8.8,导演: 詹姆斯·卡梅隆 James Cameron主演: 萨姆·沃辛顿 Sam Worthington ...                            2009美国动作 科幻 冒险,绝对意义上的美轮美奂。,https://movie.douban.com/subject/1652587/
72,拯救大兵瑞恩,9.1,导演: 史蒂文·斯皮尔伯格 Steven Spielberg主演: 汤姆·汉克斯 Tom Hanks...                            1998美国剧情 战争,美利坚精神输出大片No1.,https://movie.douban.com/subject/1292849/
73,小鞋子,9.2,导演: 马基德·马基迪 Majid Majidi主演: 默罕默德·阿米尔·纳吉 Mohamma...                            1997伊朗剧情 儿童 家庭,奔跑的孩子是天使。,https://movie.douban.com/subject/1303021/
74,飞越疯人院,9.1,导演: 米洛斯·福尔曼 Miloš Forman主演: 杰克·尼科尔森 Jack Nichols...                            1975美国剧情,自由万岁。,https://movie.douban.com/subject/1292224/
75,哈利·波特与死亡圣器(下),9.0,导演: 大卫·叶茨 David Yates主演: 丹尼尔·雷德克里夫 Daniel Radcliffe...                            2011美国 英国奇幻 冒险,10年的完美句点。,https://movie.douban.com/subject/3011235/
76,沉默的羔羊,8.9,导演: 乔纳森·戴米 Jonathan Demme主演: 朱迪·福斯特 Jodie Foster  安...                            1991美国剧情 犯罪 惊悚,安东尼·霍普金斯的顶级表演。,https://movie.douban.com/subject/1293544/
77,布达佩斯大饭店,8.9,导演: 韦斯·安德森 Wes Anderson主演: 拉尔夫·费因斯 Ralph Fiennes  ...                            2014美国 德国 英国剧情 喜剧 冒险,小清新的故事里注入了大历史的情怀。,https://movie.douban.com/subject/11525673/
78,禁闭岛,8.9,导演: Martin Scorsese主演: 莱昂纳多·迪卡普里奥 Leonardo DiCaprio  ...                            2010美国剧情 悬疑 惊悚,昔日翩翩少年，今日大腹便便。,https://movie.douban.com/subject/2334904/
79,蝴蝶效应,8.9,导演: 埃里克·布雷斯 Eric Bress  J·麦基·格鲁伯 J. Mackye Gruber主...                            2004美国 加拿大剧情 悬疑 科幻 惊悚,人的命运被自己瞬间的抉择改变。,https://movie.douban.com/subject/1292343/
80,致命魔术,8.9,导演: 克里斯托弗·诺兰 Christopher Nolan主演: 休·杰克曼 Hugh Jackman...                            2006英国 美国剧情 悬疑 惊悚,孪生蝙蝠侠大战克隆金刚狼。,https://movie.douban.com/subject/1780330/
81,功夫,8.8,导演: 周星驰 Stephen Chow主演: 周星驰 Stephen Chow  元秋 Qiu Yuen  ...                            2004中国大陆 中国香港动作 喜剧 犯罪 奇幻,警恶惩奸，维护世界和平这个任务就交给你了，好吗？,https://movie.douban.com/subject/1291543/
82,心灵捕手,8.9,导演: 格斯·范·桑特 Gus Van Sant主演: 马特·达蒙 Matt Damon  罗宾·...                            1997美国剧情,人生中应该拥有这样的一段豁然开朗。,https://movie.douban.com/subject/1292656/
83,海豚湾,9.3,导演: 路易·西霍尤斯 Louie Psihoyos主演: 路易·西霍尤斯 Louie Psihoyo...                            2009美国纪录片,海豚的微笑，是世界上最高明的伪装。,https://movie.douban.com/subject/3442220/
84,哈利·波特与阿兹卡班的囚徒,8.9,导演: Alfonso Cuarón主演: 丹尼尔·雷德克里夫 Daniel Radcliffe  Emma...                            2004英国 美国奇幻 冒险,不一样的导演，不一样的哈利·波特。,https://movie.douban.com/subject/1291544/
85,低俗小说,8.9,导演: 昆汀·塔伦蒂诺 Quentin Tarantino主演: 约翰·特拉沃尔塔 John Tra...                            1994美国剧情 喜剧 犯罪,故事的高级讲法。,https://movie.douban.com/subject/1291832/
86,春光乍泄,9.0,导演: 王家卫 Kar Wai Wong主演: 张国荣 Leslie Cheung  梁朝伟 Tony Leu...                            1997中国香港 日本 韩国剧情 爱情 同性,爱情纠缠，男女一致。,https://movie.douban.com/subject/1292679/
87,美国往事,9.2,导演: 赛尔乔·莱翁内 Sergio Leone主演: 罗伯特·德尼罗 Robert De Niro ...                            1984美国 意大利犯罪 剧情,往事如烟，无处祭奠。,https://movie.douban.com/subject/1292262/
88,超脱,9.0,导演: 托尼·凯耶 Tony Kaye主演: 艾德里安·布洛迪 Adrien Brody  马西...                            2011美国剧情,穷尽一生，我们要学会的，不过是彼此拥抱。,https://movie.douban.com/subject/5322596/
89,摩登时代,9.3,导演: 查理·卓别林 Charles Chaplin主演: 查理·卓别林 Charles Chaplin ...                            1936美国剧情 喜剧 爱情,大时代中的人生，小人物的悲喜。,https://movie.douban.com/subject/1294371/
90,喜剧之王,8.8,导演: 周星驰 Stephen Chow  李力持 Lik-Chi Lee主演: 周星驰 Stephen Ch...                            1999中国香港喜剧 剧情 爱情,我是一个演员。,https://movie.douban.com/subject/1302425/
91,致命ID,8.9,导演: 詹姆斯·曼高德 James Mangold主演: 约翰·库萨克 John Cusack  雷...                            2003美国剧情 悬疑 惊悚,最不可能的那个人永远是最可能的。,https://movie.douban.com/subject/1297192/
92,杀人回忆,8.9,导演: 奉俊昊 Joon-ho Bong主演: 宋康昊 Kang-ho Song  金相庆 Sang-kyun...                            2003韩国剧情 动作 犯罪 悬疑 惊悚,关于连环杀人悬案的集体回忆。,https://movie.douban.com/subject/1300299/
93,七宗罪,8.8,导演: 大卫·芬奇 David Fincher主演: 摩根·弗里曼 Morgan Freeman  布...                            1995美国剧情 犯罪 悬疑 惊悚,警察抓小偷，老鼠玩死猫。,https://movie.douban.com/subject/1292223/
94,红辣椒,9.1,导演: 今敏 Satoshi Kon主演: 林原惠美 Megumi Hayashibara  江守彻 Toru...                            2006日本动画 悬疑 科幻 惊悚,梦的勾结。,https://movie.douban.com/subject/1865703/
95,加勒比海盗,8.8,导演: 戈尔·维宾斯基 Gore Verbinski主演: 约翰尼·德普 Johnny Depp  ...                            2003美国动作 冒险 奇幻,约翰尼·德普的独角戏。,https://movie.douban.com/subject/1298070/
96,哈利·波特与密室,8.9,导演: Chris Columbus主演: 丹尼尔·雷德克里夫 Daniel Radcliffe  艾玛...                            2002英国 美国奇幻 冒险,魔法的密室之门已打开...,https://movie.douban.com/subject/1296996/
97,狩猎,9.1,导演: 托马斯·温特伯格 Thomas Vinterberg主演: 麦斯·米科尔森 Mads Mik...                            2012丹麦 瑞典剧情,人言可畏。,https://movie.douban.com/subject/6985810/
98,一一,9.1,导演: 杨德昌 Edward Yang主演: 吴念真  李凯莉 Kelly Lee  金燕玲 Elai...                            2000中国台湾 日本剧情 爱情 家庭,我们都曾经是一一。,https://movie.douban.com/subject/1292434/
99,7号房的礼物,8.9,导演: 李焕庆 Hwan-kyeong Lee主演: 柳承龙 Seung-yong Ryoo  朴信惠 Shi...                            2013韩国剧情 喜剧 家庭,《我是山姆》的《美丽人生》。,https://movie.douban.com/subject/10777687/
100,被嫌弃的松子的一生,8.9,导演: 中岛哲也 Tetsuya Nakashima主演: 中谷美纪 Miki Nakatani  瑛太 E...                            2006日本剧情 歌舞,以戏谑来戏谑戏谑。,https://movie.douban.com/subject/1787291/
101,唐伯虎点秋香,8.7,导演: 李力持 Lik-Chi Lee主演: 周星驰 Stephen Chow  巩俐 Li Gong  陈...                            1993中国香港喜剧 爱情 古装,华太师是黄霑，吴镇宇四大才子之一。,https://movie.douban.com/subject/1306249/
102,请以你的名字呼唤我,8.9,导演: 卢卡·瓜达尼诺 Luca Guadagnino主演: 艾米·汉莫 Armie Hammer  ...                            2017意大利 法国 巴西 美国剧情 爱情 同性,沉醉在电影的情感和视听氛围中无法自拔。,https://movie.douban.com/subject/26799731/
103,断背山,8.8,导演: 李安 Ang Lee主演: 希斯·莱杰 Heath Ledger  杰克·吉伦哈尔 Jake...                            2005美国 加拿大剧情 爱情 同性 家庭,每个人心中都有一座断背山。,https://movie.douban.com/subject/1418834/
104,剪刀手爱德华,8.7,导演: 蒂姆·波顿 Tim Burton主演: 约翰尼·德普 Johnny Depp  薇诺娜·...                            1990美国剧情 奇幻 爱情,浪漫忧郁的成人童话。,https://movie.douban.com/subject/1292370/
105,入殓师,8.9,导演: 泷田洋二郎 Yôjirô Takita主演: 本木雅弘 Masahiro Motoki  ...                            2008日本剧情,死可能是一道门，逝去并不是终结，而是超越，走向下一程。,https://movie.douban.com/subject/2149806/
106,爱在黎明破晓前,8.8,导演: 理查德·林克莱特 Richard Linklater主演: 伊桑·霍克 Ethan Hawke ...                            1995美国 奥地利 瑞士剧情 爱情,缘分是个连绵词，最美不过一瞬。,https://movie.douban.com/subject/1296339/
107,勇敢的心,8.9,导演: 梅尔·吉布森 Mel Gibson主演: 梅尔·吉布森 Mel Gibson  苏菲·玛...                            1995美国动作 传记 剧情 历史 战争,史诗大片的典范。,https://movie.douban.com/subject/1294639/
108,第六感,8.9,导演: M·奈特·沙马兰 M. Night Shyamalan主演: 布鲁斯·威利斯 Bruce Wi...                            1999美国剧情 悬疑 惊悚,深入内心的恐怖，出人意料的结局。,https://movie.douban.com/subject/1297630/
109,蝙蝠侠：黑暗骑士崛起,8.8,导演: 克里斯托弗·诺兰 Christopher Nolan主演: 克里斯蒂安·贝尔 Christ...                            2012美国 英国剧情 动作 科幻 犯罪 惊悚,诺兰就是保证。,https://movie.douban.com/subject/3395373/
110,重庆森林,8.8,导演: 王家卫 Kar Wai Wong主演: 林青霞 Brigitte Lin  金城武 Takeshi K...                            1994中国香港剧情 爱情,寂寞没有期限。,https://movie.douban.com/subject/1291999/
111,幽灵公主,8.9,导演: 宫崎骏 Hayao Miyazaki主演: 松田洋治 Yôji Matsuda  石田百合...                            1997日本动画 奇幻 冒险,人与自然的战争史诗。,https://movie.douban.com/subject/1297359/
112,超能陆战队,8.7,导演: 唐·霍尔 Don Hall  克里斯·威廉姆斯 Chris Williams主演: 斯科特...                            2014美国喜剧 动作 科幻 动画 冒险,Balalala~~~,https://movie.douban.com/subject/11026735/
113,爱在日落黄昏时,8.9,导演: 理查德·林克莱特 Richard Linklater主演: 伊桑·霍克 Ethan Hawke ...                            2004美国 法国剧情 爱情,九年后的重逢是世俗和责任的交叠，没了悸动和青涩，沧桑而温暖。,https://movie.douban.com/subject/1291990/
114,菊次郎的夏天,8.9,导演: 北野武 Takeshi Kitano主演: 北野武 Takeshi Kitano  关口雄介 Yus...                            1999日本剧情 喜剧,从没见过那么流氓的温柔，从没见过那么温柔的流氓。,https://movie.douban.com/subject/1293359/
115,甜蜜蜜,8.9,导演: 陈可辛 Peter Chan主演: 黎明 Leon Lai  张曼玉 Maggie Cheung  ...                            1996中国香港剧情 爱情,相逢只要一瞬间，等待却像是一辈子。,https://movie.douban.com/subject/1305164/
116,天使爱美丽,8.7,导演: 让-皮埃尔·热内 Jean-Pierre Jeunet主演: 奥黛丽·塔图 Audrey Tau...                            2001法国 德国剧情 喜剧 爱情,法式小清新。,https://movie.douban.com/subject/1292215/
117,阳光灿烂的日子,8.9,导演: 姜文 Wen Jiang主演: 夏雨 Yu Xia  宁静 Jing Ning  陶虹 Hong Tao                            1994中国大陆 中国香港剧情 爱情,一场华丽的意淫。,https://movie.douban.com/subject/1291875/
118,小森林 夏秋篇,9.0,导演: 森淳一 Junichi Mori主演: 桥本爱 Ai Hashimoto  三浦贵大 Takahir...                            2014日本剧情,那些静得只能听见呼吸的日子里，你明白孤独即生活。,https://movie.douban.com/subject/25814705/
119,借东西的小人阿莉埃蒂,8.9,导演: 米林宏昌 Hiromasa Yonebayashi主演: 志田未来 Mirai Shida  神木...                            2010日本动画 奇幻 冒险,曾经的那段美好会沉淀为一辈子的记忆。,https://movie.douban.com/subject/4202302/
120,完美的世界,9.1,导演: 克林特·伊斯特伍德 Clint Eastwood主演: 凯文·科斯特纳 Kevin Cos...                            1993美国剧情 犯罪,坏人的好总是比好人的好来得更感人。,https://movie.douban.com/subject/1300992/
121,无人知晓,9.1,导演: 是枝裕和 Hirokazu Koreeda主演: 柳乐优弥 Yûya Yagira  北浦爱...                            2004日本剧情,我的平常生活就是他人的幸福。,https://movie.douban.com/subject/1292337/
122,消失的爱人,8.7,导演: 大卫·芬奇 David Fincher主演: 本·阿弗莱克 Ben Affleck  罗莎蒙...                            2014美国剧情 犯罪 悬疑 惊悚,年度最佳date movie。,https://movie.douban.com/subject/21318488/
123,倩女幽魂,8.8,导演: 程小东 Siu-Tung Ching主演: 张国荣 Leslie Cheung  王祖贤 Joey W...                            1987中国香港爱情 奇幻 武侠 古装,两张绝世的脸。,https://movie.douban.com/subject/1297447/
124,寄生虫,8.8,导演: 奉俊昊 Joon-ho Bong主演: 宋康昊 Kang-ho Song  李善均 Seon-gyun...                            2019韩国剧情,,https://movie.douban.com/subject/27010768/
125,时空恋旅人,8.8,导演: 理查德·柯蒂斯 Richard Curtis主演: 多姆纳尔·格里森 Domhnall Gl...                            2013英国喜剧 爱情 奇幻,把每天当作最后一天般珍惜度过，积极拥抱生活，就是幸福。,https://movie.douban.com/subject/10577869/
126,侧耳倾听,8.9,导演: 近藤喜文 Yoshifumi Kondo主演: 本名阳子 Youko Honna  小林桂树 K...                            1995日本剧情 爱情 动画,少女情怀总是诗。,https://movie.douban.com/subject/1297052/
127,小森林 冬春篇,9.0,导演: 森淳一 Junichi Mori主演: 桥本爱 Ai Hashimoto  三浦贵大 Takahir...                            2015日本剧情,尊敬他人，尊敬你生活的这片土地，明白孤独是人生的常态。,https://movie.douban.com/subject/25814707/
128,幸福终点站,8.8,导演: 史蒂文·斯皮尔伯格 Steven Spielberg主演: 汤姆·汉克斯 Tom Hanks...                            2004美国喜剧 剧情 爱情,有时候幸福需要等一等。,https://movie.douban.com/subject/1292274/
129,驯龙高手,8.8,导演: 迪恩·德布洛斯 Dean DeBlois  克里斯·桑德斯 Chris Sanders主演:...                            2010美国动画 奇幻 冒险,和谐的生活离不开摸头与被摸头。,https://movie.douban.com/subject/2353023/
130,教父3,9.0,导演: 弗朗西斯·福特·科波拉 Francis Ford Coppola主演: 阿尔·帕西诺 A...                            1990美国剧情 犯罪,任何信念的力量，都无法改变命运。,https://movie.douban.com/subject/1294240/
131,一个叫欧维的男人决定去死,8.9,导演: 汉内斯·赫尔姆 Hannes Holm主演: 罗夫·拉斯加德 Rolf Lassgård...                            2015瑞典剧情,惠及一生的美丽。,https://movie.douban.com/subject/26628357/
132,未麻的部屋,9.1,导演: 今敏 Satoshi Kon主演: 岩男润子 Junko Iwao  松本梨香 Rica Matsu...                            1997日本动画 奇幻 惊悚,好的剧本是，就算你猜到了结局也猜不到全部。,https://movie.douban.com/subject/1395091/
133,萤火之森,8.9,导演: 大森贵弘 Takahiro Omori主演: 佐仓绫音 Ayane Sakura  内山昂辉 K...                            2011日本剧情 爱情 动画 奇幻,触不到的恋人。,https://movie.douban.com/subject/5989818/
134,怪兽电力公司,8.8,导演: 彼特·道格特 Pete Docter  大卫·斯沃曼 David Silverman主演: 约...                            2001美国儿童 喜剧 动画 奇幻 冒险,不要给它起名字，起了名字就有感情了。,https://movie.douban.com/subject/1291579/
135,哈利·波特与火焰杯,8.8,导演: 迈克·内威尔 Mike Newell主演: 丹尼尔·雷德克里夫 Daniel Radclif...                            2005英国 美国悬疑 奇幻 冒险,,https://movie.douban.com/subject/1309055/
136,傲慢与偏见,8.7,导演: 乔·怀特 Joe Wright主演: 凯拉·奈特莉 Keira Knightley  马修·...                            2005法国 英国 美国剧情 爱情,爱是摈弃傲慢与偏见之后的曙光。,https://movie.douban.com/subject/1418200/
137,玩具总动员3,8.9,导演: 李·昂克里奇 Lee Unkrich主演: 汤姆·汉克斯 Tom Hanks  蒂姆·艾...                            2010美国喜剧 动画 奇幻 冒险,跨度十五年的欢乐与泪水。,https://movie.douban.com/subject/1858711/
138,新世界,8.9,导演: 朴勋政 Hoon-jung Park主演: 李政宰 Jung-Jae Lee  崔岷植 Min-sik...                            2013韩国剧情 犯罪,要做就做得狠一点，这样才能活下去。,https://movie.douban.com/subject/10437779/
139,釜山行,8.6,导演: 延尚昊 Sang-ho Yeon主演: 孔侑 Yoo Gong  郑有美 Yu-mi Jung  马...                            2016韩国动作 惊悚 灾难,揭露人性的丧尸题材力作。,https://movie.douban.com/subject/25986180/
140,神偷奶爸,8.7,导演: 皮艾尔·柯芬 Pierre Coffin  克里斯·雷纳德 Chris Renaud主演: ...                            2010美国 法国喜剧 动画 冒险,Mr. I Don't Care其实也有Care的时候。,https://movie.douban.com/subject/3287562/
141,被解救的姜戈,8.8,导演: 昆汀·塔伦蒂诺 Quentin Tarantino主演: 杰米·福克斯 Jamie Foxx ...                            2012美国剧情 动作 西部 冒险,热血沸腾，那个低俗、性感的无耻混蛋又来了。,https://movie.douban.com/subject/6307447/
142,玛丽和马克思,9.0,导演: 亚当·艾略特 Adam Elliot主演: 托妮·科莱特 Toni Collette  菲利...                            2009澳大利亚 美国剧情 喜剧 动画,你是我最好的朋友，你是我唯一的朋友 。,https://movie.douban.com/subject/3072124/
143,告白,8.8,导演: 中岛哲也 Tetsuya Nakashima主演: 松隆子 Takako Matsu  冈田将生 ...                            2010日本剧情 悬疑,没有一人完全善，也没有一人完全恶。,https://movie.douban.com/subject/4268598/
144,大鱼,8.8,导演: 蒂姆·波顿 Tim Burton主演: 伊万·麦克格雷格 Ewan McGregor  阿...                            2003美国剧情 家庭 奇幻 冒险,抱着梦想而活着的人是幸福的，怀抱梦想而死去的人是不朽的。,https://movie.douban.com/subject/1291545/
145,哪吒闹海,9.2,导演: 王树忱 Shuchen Wang  严定宪 Dingxian Yan主演: 梁正晖 Zhenghui ...                            1979中国大陆冒险 动画 奇幻,想你时你在闹海。,https://movie.douban.com/subject/1307315/
146,射雕英雄传之东成西就,8.7,导演: 刘镇伟 Jeffrey Lau主演: 梁朝伟 Tony Leung Chiu Wai  林青霞 Bri...                            1993中国香港喜剧 奇幻 武侠 古装,百看不厌。,https://movie.douban.com/subject/1316510/
147,喜宴,9.0,导演: 李安 Ang Lee主演: 赵文瑄 Winston Chao  归亚蕾 Ya-lei Kuei  郎...                            1993中国台湾 美国剧情 喜剧 爱情 同性 家庭,中国家庭的喜怒哀乐忍。,https://movie.douban.com/subject/1303037/
148,头号玩家,8.7,导演: 史蒂文·斯皮尔伯格 Steven Spielberg主演: 泰伊·谢里丹 Tye Sheri...                            2018美国动作 科幻 冒险,写给影迷，动漫迷和游戏迷的一封情书。,https://movie.douban.com/subject/4920389/
149,模仿游戏,8.8,导演: 莫滕·泰杜姆 Morten Tyldum主演: 本尼迪克特·康伯巴奇 Benedict C...                            2014英国 美国剧情 传记 战争 同性,他给机器起名“克里斯托弗”，因为这是他初恋的名字。,https://movie.douban.com/subject/10463953/
150,阳光姐妹淘,8.8,导演: 姜炯哲 Hyeong-Cheol Kang主演: 沈恩京 Eun-kyung Shim  闵孝琳 Hy...                            2011韩国剧情 喜剧,再多各自牛逼的时光，也比不上一起傻逼的岁月。,https://movie.douban.com/subject/4917726/
151,茶馆,9.6,导演: 谢添 Tian Xie主演: 于是之 Shizhi Yu  郑榕 Rong Zhen  蓝天野 T...                            1982(中国大陆)中国大陆剧情 历史,,https://movie.douban.com/subject/1461403/
152,我是山姆,9.0,导演: 杰茜·尼尔森 Jessie Nelson主演: Sean Penn  Dakota Fanning  Mi...                            2001美国剧情 家庭,爱并不需要智商 。,https://movie.douban.com/subject/1306861/
153,九品芝麻官,8.7,导演: 王晶 Jing Wong主演: 周星驰 Stephen Chow  吴孟达 Man Tat Ng  ...                            1994中国香港 中国大陆剧情 喜剧 古装,,https://movie.douban.com/subject/1297518/
154,花样年华,8.7,导演: 王家卫 Kar Wai Wong主演: 梁朝伟 Tony Leung Chiu Wai  张曼玉 Ma...                            2000中国香港剧情 爱情,偷情本没有这样美。,https://movie.douban.com/subject/1291557/
155,血战钢锯岭,8.7,导演: 梅尔·吉布森 Mel Gibson主演: 安德鲁·加菲尔德 Andrew Garfield ...                            2016澳大利亚 美国剧情 传记 历史 战争,优秀的战争片不会美化战场，不会粉饰死亡，不会矮化敌人，不会无视常识，最重要的，不会宣扬战争。,https://movie.douban.com/subject/26325320/
156,恐怖直播,8.7,导演: 金秉祐 Byeong-woo Kim主演: 河正宇 Jung-woo Ha  李璟荣 Kyeong-y...                            2013韩国剧情 犯罪 悬疑,恐怖分子的“秋菊打官司”。,https://movie.douban.com/subject/21360417/
157,色，戒,8.7,导演: 李安 Ang Lee主演: 梁朝伟 Tony Leung Chiu Wai  汤唯 Wei Tang  ...                            2007中国台湾 中国大陆 美国 中国香港剧情 爱情 情色,假戏真情，爱欲深海,https://movie.douban.com/subject/1828115/
158,七武士,9.3,导演: 黑泽明 Akira Kurosawa主演: 三船敏郎 Toshirô Mifune  志村乔 ...                            1954日本动作 冒险 剧情,时代悲歌。,https://movie.douban.com/subject/1295399/
159,头脑特工队,8.8,导演: 彼特·道格特 Pete Docter  罗纳尔多·德尔·卡门 Ronaldo Del Carmen&nb...                            2015美国喜剧 动画 冒险,愿我们都不用长大，每一座城堡都能永远存在。,https://movie.douban.com/subject/10533913/
160,惊魂记,9.0,导演: 阿尔弗雷德·希区柯克 Alfred Hitchcock主演: 安东尼·博金斯 Antho...                            1960美国悬疑 惊悚 恐怖,故事的反转与反转，分裂电影的始祖。,https://movie.douban.com/subject/1293181/
161,黑客帝国3：矩阵革命,8.8,导演: 拉娜·沃卓斯基 Lana Wachowski  莉莉·沃卓斯基 Lilly Wachowski...                            2003美国动作 科幻,不得不说，《黑客帝国》系列是商业片与科幻、哲学完美结合的典范。,https://movie.douban.com/subject/1302467/
162,你的名字。,8.5,导演: 新海诚 Makoto Shinkai主演: 神木隆之介 Ryûnosuke Kamiki  上...                            2016日本剧情 爱情 动画,穿越错位的时空，仰望陨落的星辰，你没留下你的名字，我却无法忘记那句“我爱你”。,https://movie.douban.com/subject/26683290/
163,电锯惊魂,8.8,导演: 詹姆斯·温 James Wan主演: 雷·沃纳尔 Leigh Whannell  加利·艾...                            2004美国悬疑 惊悚 恐怖,真相就在眼前。,https://movie.douban.com/subject/1417598/
164,三块广告牌,8.7,导演: 马丁·麦克唐纳 Martin McDonagh主演: 弗兰西斯·麦克多蒙德 France...                            2017英国 美国剧情 犯罪,怼天怼地，你走后，她与世界为敌。,https://movie.douban.com/subject/26611804/
165,达拉斯买家俱乐部,8.8,导演: 让-马克·瓦雷 Jean-Marc Vallée主演: 马修·麦康纳 Matthew McCon...                            2013美国剧情 传记 同性,Jared Leto的腿比女人还美！,https://movie.douban.com/subject/1793929/
166,疯狂原始人,8.7,导演: 科克·德·米科 Kirk De Micco  克里斯·桑德斯 Chris Sanders主演...                            2013美国喜剧 动画 冒险,老少皆宜，这就是好莱坞动画的魅力。,https://movie.douban.com/subject/1907966/
167,心迷宫,8.7,导演: 忻钰坤 Yukun Xin主演: 霍卫民 Weimin Huo  王笑天 Xiaotian Wang ...                            2014中国大陆剧情 犯罪 悬疑,荒诞讽刺，千奇百巧，抽丝剥茧，百转千回。,https://movie.douban.com/subject/25917973/
168,谍影重重3,8.8,导演: 保罗·格林格拉斯 Paul Greengrass主演: 马特·达蒙 Matt Damon  ...                            2007美国 德国 法国 英国动作 悬疑 惊悚,像吃了苏打饼一样干脆的电影。,https://movie.douban.com/subject/1578507/
169,上帝之城,9.0,导演: 费尔南多·梅里尔斯 Fernando Meirelles  卡迪亚·兰德 Kátia Lund&nbsp...                            2002巴西 法国犯罪 剧情,被上帝抛弃了的上帝之城。,https://movie.douban.com/subject/1292208/
170,英雄本色,8.6,导演: 吴宇森 John Woo主演: 周润发 Yun-Fat Chow  狄龙 Lung Ti  张国...                            1986中国香港剧情 动作 犯罪,英雄泪短，兄弟情长。,https://movie.douban.com/subject/1297574/
171,卢旺达饭店,8.9,导演: 特瑞·乔治 Terry George主演: 唐·钱德尔 Don Cheadle  苏菲·奥...                            2004英国 南非 意大利 美国剧情 传记 历史 战争,当这个世界闭上双眼，他却敞开了怀抱。,https://movie.douban.com/subject/1291822/
172,纵横四海,8.8,导演: 吴宇森 John Woo主演: 周润发 Yun-Fat Chow  张国荣 Leslie Cheung...                            1991中国香港剧情 喜剧 动作 犯罪,香港浪漫主义警匪动作片的巅峰之作。,https://movie.douban.com/subject/1295409/
173,风之谷,8.9,导演: 宫崎骏 Hayao Miyazaki主演: 岛本须美 Sumi Shimamoto  松田洋治 Y...                            1984日本动画 奇幻 冒险,动画片的圣经。,https://movie.douban.com/subject/1291585/
174,海街日记,8.8,导演: 是枝裕和 Hirokazu Koreeda主演: 绫濑遥 Haruka Ayase  长泽雅美 M...                            2015日本剧情 家庭,是枝裕和的家庭习作。,https://movie.douban.com/subject/25895901/
175,爱在午夜降临前,8.9,导演: 理查德·林克莱特 Richard Linklater主演: 伊桑·霍克 Ethan Hawke ...                            2013美国 希腊剧情 爱情,所谓爱情，就是话唠一路，都不会心生腻烦，彼此嫌弃。,https://movie.douban.com/subject/10808442/
176,绿里奇迹,8.9,导演: 弗兰克·德拉邦特 Frank Darabont主演: 汤姆·汉克斯 Tom Hanks  ...                            1999美国犯罪 剧情 奇幻 悬疑,天使暂时离开。,https://movie.douban.com/subject/1300374/
177,记忆碎片,8.7,导演: 克里斯托弗·诺兰 Christopher Nolan主演: 盖·皮尔斯 Guy Pearce ...                            2000美国犯罪 剧情 悬疑 惊悚,一个针管引发的血案。,https://movie.douban.com/subject/1304447/
178,岁月神偷,8.7,导演: 罗启锐 Alex Law主演: 吴君如 Sandra Ng  任达华 Simon Yam  钟绍...                            2010中国香港 中国大陆剧情 家庭,岁月流逝，来日可追。,https://movie.douban.com/subject/3792799/
179,忠犬八公物语,9.2,导演: 神山征二郎 Seijirô Kôyama主演: 仲代达矢 Tatsuya Nakadai ...                            1987日本剧情,养狗三日，便会对你终其一生。,https://movie.douban.com/subject/1959195/
180,疯狂的石头,8.6,导演: 宁浩 Hao Ning主演: 郭涛 Tao Guo  刘桦 Hua Liu  连晋 Teddy Lin                            2006中国大陆 中国香港喜剧 犯罪,中国版《两杆大烟枪》。,https://movie.douban.com/subject/1862151/
181,荒蛮故事,8.8,导演: 达米安·斯兹弗隆 Damián Szifron主演: 达里奥·葛兰帝内提 Darío...                            2014阿根廷 西班牙剧情 喜剧 犯罪,始于荒诞，止于更荒诞。,https://movie.douban.com/subject/24750126/
182,雨中曲,9.1,导演: 斯坦利·多南 Stanley Donen  吉恩·凯利 Gene Kelly主演: 吉恩·...                            1952美国喜剧 歌舞 爱情,骨灰级歌舞片。,https://movie.douban.com/subject/1293460/
183,小偷家族,8.7,导演: 是枝裕和 Hirokazu Koreeda主演: 中川雅也 Lily Franky  安藤樱 Sa...                            2018日本剧情 犯罪 家庭,我们组成了家。,https://movie.douban.com/subject/27622447/
184,2001太空漫游,8.9,导演: 斯坦利·库布里克 Stanley Kubrick主演: 凯尔·杜拉 Keir Dullea  ...                            1968英国 美国科幻 惊悚 冒险,现代科幻电影的开山之作，最伟大导演的最伟大影片。,https://movie.douban.com/subject/1292226/
185,小丑,8.7,导演: 托德·菲利普斯 Todd Phillips主演: 杰昆·菲尼克斯 Joaquin Phoeni...                            2019美国 加拿大剧情 犯罪 惊悚,,https://movie.douban.com/subject/27119724/
186,爆裂鼓手,8.7,导演: 达米恩·查泽雷 Damien Chazelle主演: 迈尔斯·特勒 Miles Teller ...                            2014美国剧情 音乐,这个世界从不善待努力的人，努力了也不一定会成功，但是知道自己在努力，就是活下去的动力。,https://movie.douban.com/subject/25773932/
187,背靠背，脸对脸,9.5,导演: 黄建新 Jianxin Huang  杨亚洲 Yazhou Yang主演: 牛振华 Zhenhua N...                            1994中国大陆 中国香港剧情,,https://movie.douban.com/subject/1307856/
188,无敌破坏王,8.7,导演: 瑞奇·莫尔 Rich Moore主演: 约翰·C·赖利 John C. Reilly  萨拉...                            2012美国喜剧 动画 奇幻 冒险,迪士尼和皮克斯拿错剧本的产物。,https://movie.douban.com/subject/6534248/
189,无间道2,8.7,导演: 刘伟强  麦兆辉主演: 陈冠希 Edison Chen  余文乐 Shawn Yue  曾...                            2003中国香港剧情 犯罪 惊悚,,https://movie.douban.com/subject/1307106/
190,贫民窟的百万富翁,8.6,导演: 丹尼·鲍尔 Danny Boyle  洛芙琳·坦丹 Loveleen Tandan主演: 戴夫...                            2008英国剧情 爱情,上帝之城+猜火车+阿甘正传+开心辞典=山寨富翁,https://movie.douban.com/subject/2209573/
191,冰川时代,8.6,导演: 卡洛斯·沙尔丹哈 Carlos Saldanha  克里斯·韦奇 Chris Wedge主演...                            2002美国喜剧 动画 冒险,松鼠才是角儿。,https://movie.douban.com/subject/1291578/
192,心灵奇旅,8.7,导演: 彼特·道格特 Pete Docter  凯普·鲍尔斯 Kemp Powers主演: 杰米·...                            2020美国动画 奇幻 音乐,,https://movie.douban.com/subject/24733428/
193,东邪西毒,8.6,导演: 王家卫 Kar Wai Wong主演: 张国荣 Leslie Cheung  林青霞 Brigitte...                            1994中国香港 中国台湾剧情 动作 爱情 武侠 古装,电影诗。,https://movie.douban.com/subject/1292328/
194,恐怖游轮,8.5,导演: 克里斯托弗·史密斯 Christopher Smith主演: 梅利莎·乔治 Melissa ...                            2009英国 澳大利亚剧情 悬疑 惊悚,不要企图在重复中寻找已经失去的爱。,https://movie.douban.com/subject/3011051/
195,牯岭街少年杀人事件,8.9,导演: 杨德昌 Edward Yang主演: 张震 Chen Chang  杨静怡 Lisa Yang  张...                            1991中国台湾剧情 犯罪,弱者送给弱者的一刀。,https://movie.douban.com/subject/1292329/
196,魔女宅急便,8.7,导演: 宫崎骏 Hayao Miyazaki主演: 高山南 Minami Takayama  佐久间玲 Re...                            1989日本动画 奇幻 冒险,宫崎骏的电影总让人感觉世界是美好的，阳光明媚的。,https://movie.douban.com/subject/1307811/
197,遗愿清单,8.7,导演: 罗伯·莱纳 Rob Reiner主演: 杰克·尼科尔森 Jack Nicholson  摩根...                            2007美国冒险 喜剧 剧情,用剩余不多的时间，去燃烧整个生命。,https://movie.douban.com/subject/1867345/
198,东京教父,9.0,导演: 今敏 Satoshi Kon主演: 江守彻 Toru Emori  梅垣义明 Yoshiaki Ume...                            2003日本剧情 喜剧 动画,,https://movie.douban.com/subject/1310177/
199,你看起来好像很好吃,8.9,导演: 藤森雅也 Masaya Fujimori主演: 山口胜平 Kappei Yamaguchi  爱河...                            2010日本剧情 动画 儿童,感情不分食草或者食肉。,https://movie.douban.com/subject/4848115/
200,真爱至上,8.6,导演: 理查德·柯蒂斯 Richard Curtis主演: 休·格兰特 Hugh Grant  柯林...                            2003英国 美国 法国喜剧 剧情 爱情,爱，是个动词。,https://movie.douban.com/subject/1292401/
201,大佛普拉斯,8.7,导演: 黄信尧 Hsin-yao Huang主演: 庄益增 Yizeng Zhuang  陈竹昇 Chu-sh...                            2017中国台湾剧情 喜剧,人们可以登上月球，却永远无法探索人们内心的宇宙。,https://movie.douban.com/subject/27059130/
202,黑天鹅,8.6,导演: 达伦·阿罗诺夫斯基 Darren Aronofsky主演: 娜塔莉·波特曼 Natalie...                            2010美国剧情 惊悚,黑暗之美。,https://movie.douban.com/subject/1978709/
203,可可西里,8.9,导演: 陆川 Chuan Lu主演: 多布杰 Duobujie  张磊 Lei Zhang  亓亮 Qi L...                            2004中国大陆 中国香港剧情 犯罪,坚硬的信仰。,https://movie.douban.com/subject/1308857/
204,城市之光,9.3,导演: Charles Chaplin主演: 查理·卓别林 Charles Chaplin  弗吉尼亚·...                            1931美国喜剧 剧情 爱情,永远的小人物，伟大的卓别林。,https://movie.douban.com/subject/1293908/
205,源代码,8.5,导演: 邓肯·琼斯 Duncan Jones主演: 杰克·吉伦哈尔 Jake Gyllenhaal  ...                            2011美国 加拿大科幻 悬疑 惊悚,邓肯·琼斯继《月球》之后再度奉献出一部精彩绝伦的科幻佳作。,https://movie.douban.com/subject/3075287/
206,雨人,8.7,导演: 巴瑞·莱文森 Barry Levinson主演: 达斯汀·霍夫曼 Dustin Hoffman ...                            1988美国剧情,生活在自己的世界里，也可以让周围的人显得可笑和渺小。,https://movie.douban.com/subject/1291870/
207,恋恋笔记本,8.5,导演: 尼克·卡索维茨 Nick Cassavetes主演: 瑞恩·高斯林 Ryan Gosling ...                            2004美国剧情 爱情,爱情没有那么多借口，如果不能圆满，只能说明爱的不够。,https://movie.douban.com/subject/1309163/
208,海边的曼彻斯特,8.6,导演: 肯尼斯·罗纳根 Kenneth Lonergan主演: 卡西·阿弗莱克 Casey Affle...                            2016美国剧情 家庭,我们都有权利不与自己的过去和解。,https://movie.douban.com/subject/25980443/
209,初恋这件小事,8.5,导演: 普特鹏·普罗萨卡·那·萨克那卡林 Puttipong Promsaka Na Sakolnakorn  华森·波克彭...                            2010泰国剧情 喜剧 爱情,黑小鸭速效美白记。,https://movie.douban.com/subject/4739952/
210,人工智能,8.7,导演: 史蒂文·斯皮尔伯格 Steven Spielberg主演: 海利·乔·奥斯蒙 Haley...                            2001美国 英国剧情 科幻,对爱的执着，可以超越一切。,https://movie.douban.com/subject/1302827/
211,波西米亚狂想曲,8.6,导演: 布莱恩·辛格 Bryan Singer主演: 拉米·马雷克 Rami Malek  本·哈...                            2018英国 美国剧情 传记 同性 音乐,,https://movie.douban.com/subject/5300054/
212,虎口脱险,8.9,导演: 杰拉尔·乌里 Gérard Oury主演: 路易·德·菲耐斯 Louis de Funès...                            1966法国 英国喜剧 战争,永远看不腻的喜剧。,https://movie.douban.com/subject/1296909/
213,青蛇,8.6,导演: 徐克 Hark Tsui主演: 张曼玉 Maggie Cheung  王祖贤 Joey Wang  ...                            1993中国香港 中国大陆剧情 爱情 奇幻 古装,人生如此，浮生如斯。谁人言，花彼岸，此生情长意短。谁都是不懂爱的罢了。,https://movie.douban.com/subject/1303394/
214,终结者2：审判日,8.8,导演: 詹姆斯·卡梅隆 James Cameron主演: 阿诺·施瓦辛格 Arnold Schwarz...                            1991美国 法国动作 科幻,少见的超越首部的续集，动作片中的经典。,https://movie.douban.com/subject/1291844/
215,罗生门,8.8,导演: 黑泽明 Akira Kurosawa主演: 三船敏郎 Toshirô Mifune  京町子 ...                            1950日本剧情 犯罪 悬疑,人生的N种可能性。,https://movie.douban.com/subject/1291879/
216,疯狂的麦克斯4：狂暴之路,8.7,导演: 乔治·米勒 George Miller主演: 汤姆·哈迪 Tom Hardy  查理兹·塞...                            2015澳大利亚 美国动作 科幻 冒险,“多么美好的一天！”轰轰轰砰咚，啪哒哒哒轰隆隆，磅~,https://movie.douban.com/subject/3592854/
217,萤火虫之墓,8.7,导演: 高畑勋 Isao Takahata主演: 辰己努  白石绫乃  志乃原良子                            1988日本动画 剧情 战争,幸福是生生不息，却难以触及的远。,https://movie.douban.com/subject/1293318/
218,新龙门客栈,8.7,导演: 李惠民 Raymond Lee主演: 张曼玉 Maggie Cheung  林青霞 Brigitte ...                            1992中国香港 中国大陆动作 爱情 武侠 古装,嬉笑怒骂，调风动月。,https://movie.douban.com/subject/1292287/
219,千钧一发,8.8,导演: 安德鲁·尼科尔 Andrew Niccol主演: 伊桑·霍克 Ethan Hawke  乌玛...                            1997美国剧情 科幻 惊悚,一部能引人思考的科幻励志片。,https://movie.douban.com/subject/1300117/
220,崖上的波妞,8.6,导演: 宫崎骏 Hayao Miyazaki主演: 奈良柚莉爱 Yuria Nara  土井洋辉 Hir...                            2008日本动画 奇幻 冒险,,https://movie.douban.com/subject/1959877/
221,无耻混蛋,8.6,导演: 昆汀·塔伦蒂诺 Quentin Tarantino主演: 布拉德·皮特 Brad Pitt  ...                            2009德国 美国剧情 犯罪,昆汀同学越来越变态了，比北野武还杜琪峰。,https://movie.douban.com/subject/1438652/
222,末路狂花,8.9,导演: 雷德利·斯科特 Ridley Scott主演: 吉娜·戴维斯 Geena Davis  苏...                            1991美国 英国 法国犯罪 剧情 惊悚,没有了退路，只好飞向自由。,https://movie.douban.com/subject/1291992/
223,奇迹男孩,8.6,导演: 斯蒂芬·卓博斯基 Stephen Chbosky主演: 雅各布·特伦布莱 Jacob Tr...                            2017美国 中国香港剧情 儿童 家庭,世界不完美，爱会有奇迹。,https://movie.douban.com/subject/26787574/
224,彗星来的那一夜,8.6,导演: 詹姆斯·沃德·布柯特 James Ward Byrkit主演: 艾米丽·芭尔多尼 Em...                            2013美国 英国科幻 悬疑 惊悚,小成本大魅力。,https://movie.douban.com/subject/25807345/
225,二十二,8.7,导演: 郭柯 Ke Guo主演:                             2015中国大陆纪录片,有一些东西不应该被遗忘。,https://movie.douban.com/subject/26430107/
226,黑客帝国2：重装上阵,8.7,导演: 拉娜·沃卓斯基 Lana Wachowski  莉莉·沃卓斯基 Lilly Wachowski...                            2003美国动作 科幻,一个精彩的世界观正在缓缓建立。,https://movie.douban.com/subject/1304141/
227,花束般的恋爱,8.6,导演: 土井裕泰 Nobuhiro Doi主演: 菅田将晖 Masaki Suda  有村架纯 Kasu...                            2021日本剧情 爱情,,https://movie.douban.com/subject/34874432/
228,爱乐之城,8.4,导演: 达米恩·查泽雷 Damien Chazelle主演: 瑞恩·高斯林 Ryan Gosling ...                            2016美国剧情 爱情 歌舞,,https://movie.douban.com/subject/25934014/
229,血钻,8.7,导演: 爱德华·兹威克 Edward Zwick主演: 莱昂纳多·迪卡普里奥 Leonardo ...                            2006美国 德国 英国剧情 惊悚 冒险,每个美丽事物背后都是滴血的现实。,https://movie.douban.com/subject/1428175/
230,房间,8.8,导演: 伦尼·阿伯拉罕森 Lenny Abrahamson主演: 布丽·拉尔森 Brie Larson...                            2015爱尔兰 加拿大 英国 美国剧情 家庭,被偷走的岁月，被伤害的生命，被禁锢的灵魂，终将被希望和善意救赎。,https://movie.douban.com/subject/25724855/
231,战争之王,8.7,导演: 安德鲁·尼科尔 Andrew Niccol主演: 尼古拉斯·凯奇 Nicolas Cage ...                            2005法国 德国 美国剧情 犯罪,做一颗让别人需要你的棋子。,https://movie.douban.com/subject/1419936/
232,步履不停,8.8,导演: 是枝裕和 Hirokazu Koreeda主演: 阿部宽 Hiroshi Abe  夏川结衣 Yu...                            2008日本剧情 家庭,日本的家庭电影已经是世界巅峰了，步履不停是巅峰中的佳作。,https://movie.douban.com/subject/2222996/
233,魂断蓝桥,8.8,导演: 茂文·勒鲁瓦 Mervyn LeRoy主演: 费雯·丽 Vivien Leigh  罗伯特·...                            1940美国剧情 爱情 战争,中国式内在的美国电影。,https://movie.douban.com/subject/1293964/
234,芙蓉镇,9.3,导演: 谢晋 Jin Xie主演: 刘晓庆 Xiaoqing Liu  姜文 Wen Jiang  郑在石...                            1987中国大陆剧情 爱情,,https://movie.douban.com/subject/1297880/
235,火星救援,8.5,导演: 雷德利·斯科特 Ridley Scott主演: 马特·达蒙 Matt Damon  杰西卡...                            2015英国 美国 匈牙利 约旦剧情 科幻 冒险,,https://movie.douban.com/subject/25864085/
236,哈利·波特与死亡圣器(上),8.5,导演: 大卫·叶茨 David Yates主演: 丹尼尔·雷德克里夫 Daniel Radcliffe...                            2010英国 美国奇幻 冒险,最忠于原著的一部。,https://movie.douban.com/subject/2051007/
237,千年女优,8.8,导演: 今敏 Satoshi Kon主演: 庄司美代子 Miyoko Shôji  小山茉美 Mam...                            2001日本动画 剧情 爱情,爱情是一场没有尽头的虚幻追逐。,https://movie.douban.com/subject/1307394/
238,谍影重重2,8.7,导演: 保罗·格林格拉斯 Paul Greengrass主演: 马特·达蒙 Matt Damon  ...                            2004美国 德国动作 悬疑 惊悚,谁说王家卫镜头很晃？,https://movie.douban.com/subject/1308767/
239,阿飞正传,8.5,导演: 王家卫 Kar Wai Wong主演: 张国荣 Leslie Cheung  张曼玉 Maggie C...                            1990中国香港犯罪 剧情 爱情,王家卫是一种风格，张国荣是一个代表。,https://movie.douban.com/subject/1305690/
240,弱点,8.7,导演: 约翰·李·汉考克 John Lee Hancock主演: 桑德拉·布洛克 Sandra Bu...                            2009美国剧情 家庭 传记 运动,拍掉身上的悲伤，从今天开始重新踏上追梦之旅。,https://movie.douban.com/subject/3552028/
241,燃情岁月,8.8,导演: 爱德华·兹威克 Edward Zwick主演: 布拉德·皮特 Brad Pitt  安东...                            1994美国剧情 爱情 战争 西部,传奇，不是每个人都可以拥有。,https://movie.douban.com/subject/1295865/
242,谍影重重,8.6,导演: 道格·里曼 Doug Liman主演: 马特·达蒙 Matt Damon  弗兰卡·波坦...                            2002美国 德国 捷克动作 悬疑 惊悚,哗啦啦啦啦，天在下雨，哗啦啦啦啦，云在哭泣……找自己。,https://movie.douban.com/subject/1304102/
243,朗读者,8.6,导演: 史蒂芬·戴德利 Stephen Daldry主演: 凯特·温丝莱特 Kate Winslet ...                            2008美国 德国剧情 爱情,当爱情跨越年龄的界限，它似乎能变得更久远一点，成为一种责任，一种水到渠成的相濡以沫。,https://movie.douban.com/subject/2213597/
244,再次出发之纽约遇见你,8.6,导演: 约翰·卡尼 John Carney主演: 凯拉·奈特莉 Keira Knightley  马克...                            2013美国喜剧 爱情 音乐,爱我就给我看你的播放列表。,https://movie.douban.com/subject/6874403/
245,白日梦想家,8.6,导演: 本·斯蒂勒 Ben Stiller主演: 本·斯蒂勒 Ben Stiller  克里斯汀·...                            2013美国 英国剧情 喜剧 冒险,,https://movie.douban.com/subject/2133323/
246,哈利·波特与凤凰社,8.5,导演: 大卫·叶茨 David Yates主演: 丹尼尔·雷德克里夫 Daniel Radcliffe...                            2007英国 美国奇幻 冒险,,https://movie.douban.com/subject/1457217/
247,香水,8.5,导演: 汤姆·提克威 Tom Tykwer主演: 本·卫肖 Ben Whishaw  艾伦·瑞克...                            2006德国 法国 西班牙 美国 比利时剧情 犯罪 奇幻,一个单凭体香达到高潮的男人。,https://movie.douban.com/subject/1760622/
248,穿越时空的少女,8.6,导演: 细田守 Mamoru Hosoda主演: 仲里依纱 Riisa Naka  石田卓也 Takuya...                            2006日本剧情 爱情 科幻 动画,爱上未来的你。,https://movie.douban.com/subject/1937946/
249,海洋,9.1,导演: 雅克·贝汉 Jacques Perrin  雅克·克鲁奥德 Jacques Cluzaud主演:...                            2009法国 瑞士 西班牙 美国 阿联酋 摩纳哥纪录片,大海啊，不全是水。,https://movie.douban.com/subject/3443389/
